Survived,Pclass,Age,SibSp,Parch,Fare,FamilySize,FarePerPerson,Sex_male,Embarked_S,Title_Miss,Title_Mr,Title_Mrs,Deck_Unknown,AgeGroup_Adult,Fare_log
0,3,22.0,1,0,7.25,2,3.625,True,True,False,True,False,True,True,2.1102132003465894
1,1,38.0,1,0,71.2833,2,35.64165,False,False,False,False,True,False,True,4.2805931204649
1,3,26.0,0,0,7.925,1,7.925,False,True,True,False,False,True,True,2.188856327665703
1,1,35.0,1,0,53.1,2,26.55,False,True,False,False,True,False,True,3.9908341858524357
0,3,35.0,0,0,8.05,1,8.05,True,True,False,True,False,True,True,2.2027647577118348
0,3,28.0,0,0,8.4583,1,8.4583,True,False,False,True,False,True,True,2.246892662898172
0,1,54.0,0,0,51.8625,1,51.8625,True,True,False,True,False,False,True,3.967694202798607
0,3,2.0,3,1,21.075,5,4.215,True,True,False,False,False,True,False,3.0944457464900235
1,3,27.0,0,2,11.1333,3,3.7111,False,True,False,False,True,True,True,2.495953738718064
1,2,14.0,1,0,30.0708,2,15.0354,False,False,False,False,True,True,False,3.436268471383741
1,3,4.0,1,1,16.7,3,5.566666666666666,False,True,True,False,False,False,False,2.8735646395797834
1,1,58.0,0,0,26.55,1,26.55,False,True,True,False,False,False,True,3.3160025355989236
0,3,20.0,0,0,8.05,1,8.05,True,True,False,True,False,True,True,2.2027647577118348
0,3,39.0,1,5,31.275,7,4.4678571428571425,True,True,False,True,False,True,True,3.4742929367327062
0,3,14.0,0,0,7.8542,1,7.8542,False,True,True,False,False,True,False,2.180891922715322
1,2,55.0,0,0,16.0,1,16.0,False,True,False,False,True,True,True,2.833213344056216
0,3,2.0,4,1,29.125,6,4.854166666666667,True,False,False,False,False,True,False,3.405355391810819
1,2,28.0,0,0,13.0,1,13.0,True,True,False,True,False,True,True,2.6390573296152584
0,3,31.0,1,0,18.0,2,9.0,False,True,False,False,True,True,True,2.9444389791664403
1,3,28.0,0,0,7.225,1,7.225,False,False,False,False,True,True,True,2.1071782966514356
0,2,35.0,0,0,26.0,1,26.0,True,True,False,True,False,True,True,3.295836866004329
1,2,34.0,0,0,13.0,1,13.0,True,True,False,True,False,False,True,2.6390573296152584
1,3,15.0,0,0,8.0292,1,8.0292,False,False,True,False,False,True,False,2.2004637699272855
1,1,28.0,0,0,35.5,1,35.5,True,True,False,True,False,False,True,3.597312260588446
0,3,8.0,3,1,21.075,5,4.215,False,True,True,False,False,True,False,3.0944457464900235
1,3,38.0,1,5,31.3875,7,4.483928571428572,False,True,False,False,True,True,True,3.4777725458882283
0,3,28.0,0,0,7.225,1,7.225,True,False,False,True,False,True,True,2.1071782966514356
0,1,19.0,3,2,249.00622000000035,6,41.50103666666673,True,True,False,True,False,False,True,5.521485797552746
1,3,28.0,0,0,7.8792,1,7.8792,False,False,True,False,False,True,True,2.1837114628556327
0,3,28.0,0,0,7.8958,1,7.8958,True,True,False,True,False,True,True,2.1855792552411137
0,1,40.0,0,0,27.7208,1,27.7208,True,False,False,False,False,True,True,3.357621598945279
1,1,28.0,1,0,146.5208,2,73.2604,False,False,False,False,True,False,True,4.993969182787072
1,3,28.0,0,0,7.75,1,7.75,False,False,True,False,False,True,True,2.169053700369523
0,2,66.0,0,0,10.5,1,10.5,True,True,False,True,False,True,False,2.4423470353692043
0,1,28.0,1,0,82.1708,2,41.0854,True,False,False,True,False,True,True,4.420896324687287
0,1,42.0,1,0,52.0,2,26.0,True,True,False,True,False,True,True,3.970291913552122
1,3,28.0,0,0,7.2292,1,7.2292,True,False,False,True,False,True,True,2.1076888046179385
0,3,21.0,0,0,8.05,1,8.05,True,True,False,True,False,True,True,2.2027647577118348
0,3,18.0,2,0,18.0,3,6.0,False,True,True,False,False,True,False,2.9444389791664403
1,3,14.0,1,0,11.2417,2,5.62085,False,False,True,False,False,True,False,2.5048481563289
0,3,40.0,1,0,9.475,2,4.7375,False,True,False,False,True,True,True,2.348991465808201
0,2,27.0,1,0,21.0,2,10.5,False,True,False,False,True,True,True,3.091042453358316
0,3,28.0,0,0,7.8958,1,7.8958,True,False,False,True,False,True,True,2.1855792552411137
1,2,3.0,1,2,41.5792,4,10.3948,False,False,True,False,False,True,False,3.7513658711253766
1,3,19.0,0,0,7.8792,1,7.8792,False,False,True,False,False,True,True,2.1837114628556327
0,3,28.0,0,0,8.05,1,8.05,True,True,False,True,False,True,True,2.2027647577118348
0,3,28.0,1,0,15.5,2,7.75,True,False,False,True,False,True,True,2.803360380906535
1,3,28.0,0,0,7.75,1,7.75,False,False,True,False,False,True,True,2.169053700369523
0,3,28.0,2,0,21.6792,3,7.226400000000001,True,False,False,True,False,True,True,3.1214482048688246
0,3,18.0,1,0,17.8,2,8.9,False,True,False,False,True,True,False,2.9338568698359038
0,3,7.0,4,1,39.6875,6,6.614583333333333,True,True,False,False,False,True,False,3.705920919968788
0,3,21.0,0,0,7.8,1,7.8,True,True,False,True,False,True,True,2.174751721484161
1,1,49.0,1,0,76.7292,2,38.3646,False,False,False,False,True,False,True,4.353230991152628
1,2,29.0,1,0,26.0,2,13.0,False,True,False,False,True,True,True,3.295836866004329
0,1,65.0,0,1,61.9792,2,30.9896,True,False,False,True,False,False,False,4.142804513146981
1,1,28.0,0,0,35.5,1,35.5,True,True,False,True,False,False,True,3.597312260588446
1,2,21.0,0,0,10.5,1,10.5,False,True,True,False,False,True,True,2.4423470353692043
0,3,28.5,0,0,7.2292,1,7.2292,True,False,False,True,False,True,True,2.1076888046179385
1,2,5.0,1,2,27.75,4,6.9375,False,True,True,False,False,True,False,3.3586377672433594
0,3,11.0,5,2,46.9,8,5.8625,True,True,False,False,False,True,False,3.8691155044168695
0,3,22.0,0,0,7.2292,1,7.2292,True,False,False,True,False,True,True,2.1076888046179385
1,1,38.0,0,0,80.0,1,80.0,False,True,True,False,False,False,True,4.394449154672439
0,1,45.0,1,0,83.475,2,41.7375,True,True,False,True,False,False,True,4.436455632600354
0,3,4.0,3,2,27.9,6,4.6499999999999995,True,True,False,False,False,True,False,3.3638415951183864
0,1,28.0,0,0,27.7208,1,27.7208,True,False,False,True,False,True,True,3.357621598945279
1,3,28.0,1,1,15.2458,3,5.081933333333333,True,False,False,False,False,True,True,2.7878344138303452
1,2,29.0,0,0,10.5,1,10.5,False,True,False,False,True,False,True,2.4423470353692043
0,3,19.0,0,0,8.1583,1,8.1583,True,True,False,True,False,True,True,2.2146605719425225
1,3,17.0,4,2,7.925,7,1.1321428571428571,False,True,True,False,False,True,False,2.188856327665703
0,3,26.0,2,0,8.6625,3,2.8874999999999997,True,True,False,True,False,True,True,2.2682524139135403
0,2,32.0,0,0,10.5,1,10.5,True,True,False,True,False,True,True,2.4423470353692043
0,3,16.0,5,2,46.9,8,5.8625,False,True,True,False,False,True,False,3.8691155044168695
0,2,21.0,0,0,73.5,1,73.5,True,True,False,True,False,True,True,4.310799125385514
0,3,26.0,1,0,14.4542,2,7.2271,True,False,False,True,False,True,True,2.737880811060884
1,3,32.0,0,0,56.4958,1,56.4958,True,True,False,True,False,True,True,4.05171190165724
0,3,25.0,0,0,7.65,1,7.65,True,True,False,True,False,False,True,2.157559320943788
0,3,28.0,0,0,7.8958,1,7.8958,True,True,False,True,False,True,True,2.1855792552411137
0,3,28.0,0,0,8.05,1,8.05,True,True,False,True,False,True,True,2.2027647577118348
1,2,0.83,0,2,29.0,3,9.666666666666666,True,True,False,False,False,True,False,3.4011973816621555
1,3,30.0,0,0,12.475,1,12.475,False,True,True,False,False,True,True,2.600836116795061
0,3,22.0,0,0,9.0,1,9.0,True,True,False,True,False,True,True,2.302585092994046
1,3,29.0,0,0,9.5,1,9.5,True,True,False,True,False,True,True,2.3513752571634776
1,3,28.0,0,0,7.7875,1,7.7875,False,False,True,False,False,True,True,2.1733302571367834
0,1,28.0,0,0,47.1,1,47.1,True,True,False,True,False,True,True,3.8732821771117156
1,2,17.0,0,0,10.5,1,10.5,False,True,True,False,False,True,False,2.4423470353692043
1,3,33.0,3,0,15.85,4,3.9625,False,True,False,False,True,True,True,2.8243506567983707
0,3,16.0,1,3,34.375,5,6.875,True,True,False,True,False,True,False,3.5660053559634015
0,3,28.0,0,0,8.05,1,8.05,True,True,False,True,False,True,True,2.2027647577118348
1,1,23.0,3,2,249.00622000000035,6,41.50103666666673,False,True,True,False,False,False,True,5.521485797552746
0,3,24.0,0,0,8.05,1,8.05,True,True,False,True,False,True,True,2.2027647577118348
0,3,29.0,0,0,8.05,1,8.05,True,True,False,True,False,True,True,2.2027647577118348
0,3,20.0,0,0,7.8542,1,7.8542,True,True,False,True,False,True,True,2.180891922715322
0,1,46.0,1,0,61.175,2,30.5875,True,True,False,True,False,False,True,4.1299529896894684
0,3,26.0,1,2,20.575,4,5.14375,True,True,False,True,False,True,True,3.0715352369694915
0,3,59.0,0,0,7.25,1,7.25,True,True,False,True,False,True,True,2.1102132003465894
0,3,28.0,0,0,8.05,1,8.05,True,True,False,True,False,True,True,2.2027647577118348
0,1,71.0,0,0,34.6542,1,34.6542,True,False,False,True,False,False,False,3.57386695198272
1,1,23.0,0,1,63.3583,2,31.67915,True,False,False,True,False,False,True,4.164465907853638
1,2,34.0,0,1,23.0,2,11.5,False,True,False,False,True,True,True,3.1780538303479458
0,2,34.0,1,0,26.0,2,13.0,True,True,False,True,False,True,True,3.295836866004329
0,3,28.0,0,0,7.8958,1,7.8958,False,True,True,False,False,True,True,2.1855792552411137
0,3,28.0,0,0,7.8958,1,7.8958,True,True,False,True,False,True,True,2.1855792552411137
0,1,21.0,0,1,77.2875,2,38.64375,True,True,False,True,False,False,True,4.360387947851531
0,3,33.0,0,0,8.6542,1,8.6542,True,True,False,True,False,True,True,2.267393053825037
0,3,37.0,2,0,7.925,3,2.6416666666666666,True,True,False,True,False,True,True,2.188856327665703
0,3,28.0,0,0,7.8958,1,7.8958,True,True,False,True,False,True,True,2.1855792552411137
1,3,21.0,0,0,7.65,1,7.65,False,True,True,False,False,True,True,2.157559320943788
1,3,28.0,0,0,7.775,1,7.775,True,True,False,True,False,True,True,2.1719067693519296
0,3,38.0,0,0,7.8958,1,7.8958,True,True,False,True,False,True,True,2.1855792552411137
1,3,28.0,1,0,24.15,2,12.075,False,False,True,False,False,True,True,3.224857896545748
0,1,47.0,0,0,52.0,1,52.0,True,True,False,True,False,False,True,3.970291913552122
0,3,14.5,1,0,14.4542,2,7.2271,False,False,True,False,False,True,False,2.737880811060884
0,3,22.0,0,0,8.05,1,8.05,True,True,False,True,False,True,True,2.2027647577118348
0,3,20.0,1,0,9.825,2,4.9125,False,True,True,False,False,True,True,2.3818582738885534
0,3,17.0,0,0,14.4583,1,14.4583,False,False,True,False,False,True,False,2.738146075922933
0,3,21.0,0,0,7.925,1,7.925,True,True,False,True,False,True,True,2.188856327665703
0,3,70.5,0,0,7.75,1,7.75,True,False,False,True,False,True,False,2.169053700369523
0,2,29.0,1,0,21.0,2,10.5,True,True,False,True,False,True,True,3.091042453358316
0,1,24.0,0,1,247.5208,2,123.7604,True,False,False,True,False,False,True,5.515526544247129
0,3,2.0,4,2,31.275,7,4.4678571428571425,False,True,True,False,False,True,False,3.4742929367327062
0,2,21.0,2,0,73.5,3,24.5,True,True,False,True,False,True,True,4.310799125385514
0,3,28.0,0,0,8.05,1,8.05,True,True,False,True,False,True,True,2.2027647577118348
0,2,32.5,1,0,30.0708,2,15.0354,True,False,False,True,False,True,True,3.436268471383741
1,2,32.5,0,0,13.0,1,13.0,False,True,True,False,False,False,True,2.6390573296152584
0,1,54.0,0,1,77.2875,2,38.64375,True,True,False,True,False,False,True,4.360387947851531
1,3,12.0,1,0,11.2417,2,5.62085,True,False,False,False,False,True,False,2.5048481563289
0,3,28.0,0,0,7.75,1,7.75,True,False,False,True,False,True,True,2.169053700369523
1,3,24.0,0,0,7.1417,1,7.1417,True,True,False,True,False,True,True,2.0969990034181696
1,3,28.0,1,1,22.3583,3,7.452766666666666,False,False,True,False,False,False,True,3.1509523813392697
0,3,45.0,0,0,6.975,1,6.975,True,True,False,True,False,True,True,2.076311648670908
0,3,33.0,0,0,7.8958,1,7.8958,True,False,False,True,False,True,True,2.1855792552411137
0,3,20.0,0,0,7.05,1,7.05,True,True,False,True,False,True,True,2.0856720914304723
0,3,47.0,1,0,14.5,2,7.25,False,True,False,False,True,True,True,2.740840023925201
1,2,29.0,1,0,26.0,2,13.0,False,True,False,False,True,True,True,3.295836866004329
0,2,25.0,0,0,13.0,1,13.0,True,True,False,True,False,True,True,2.6390573296152584
0,2,23.0,0,0,15.0458,1,15.0458,True,False,False,True,False,True,True,2.775447133088262
1,1,19.0,0,2,26.2833,3,8.7611,False,True,True,False,False,False,True,3.3062747934011893
0,1,37.0,1,0,53.1,2,26.55,True,True,False,True,False,False,True,3.9908341858524357
0,3,16.0,0,0,9.2167,1,9.2167,True,True,False,True,False,True,False,2.3240236363515288
0,1,24.0,0,0,79.2,1,79.2,True,False,False,True,False,False,True,4.384523514872469
0,3,28.0,0,2,15.2458,3,5.081933333333333,False,False,False,False,True,True,True,2.7878344138303452
1,3,22.0,0,0,7.75,1,7.75,False,True,True,False,False,True,True,2.169053700369523
1,3,24.0,1,0,15.85,2,7.925,False,True,False,False,True,True,True,2.8243506567983707
0,3,19.0,0,0,6.75,1,6.75,True,False,False,True,False,True,True,2.0476928433652555
0,2,18.0,0,0,11.5,1,11.5,True,True,False,True,False,True,False,2.5257286443082556
0,2,19.0,1,1,36.75,3,12.25,True,True,False,True,False,True,True,3.6309854756950335
1,3,27.0,0,0,7.7958,1,7.7958,True,True,False,True,False,True,True,2.174274334826008
0,3,9.0,2,2,34.375,5,6.875,False,True,True,False,False,True,False,3.5660053559634015
0,2,36.5,0,2,26.0,3,8.666666666666666,True,True,False,True,False,False,True,3.295836866004329
0,2,42.0,0,0,13.0,1,13.0,True,True,False,False,False,True,True,2.6390573296152584
0,2,51.0,0,0,12.525,1,12.525,True,True,False,False,False,True,True,2.6045398247325453
1,1,22.0,1,0,66.6,2,33.3,False,True,False,False,True,False,True,4.213607983048918
0,3,55.5,0,0,8.05,1,8.05,True,True,False,True,False,True,True,2.2027647577118348
0,3,40.5,0,2,14.5,3,4.833333333333333,True,True,False,True,False,True,True,2.740840023925201
0,3,28.0,0,0,7.3125,1,7.3125,True,True,False,True,False,True,True,2.1177604059819726
0,1,51.0,0,1,61.3792,2,30.6896,True,False,False,True,False,True,True,4.133231886474144
1,3,16.0,0,0,7.7333,1,7.7333,False,False,True,False,False,True,False,2.167143305297764
0,3,30.0,0,0,8.05,1,8.05,True,True,False,True,False,True,True,2.2027647577118348
0,3,28.0,0,0,8.6625,1,8.6625,True,True,False,True,False,True,True,2.2682524139135403
0,3,28.0,8,2,69.55,11,6.322727272727272,True,True,False,False,False,True,True,4.256321678298823
0,3,44.0,0,1,16.1,2,8.05,True,True,False,True,False,True,True,2.8390784635086144
1,2,40.0,0,0,15.75,1,15.75,False,True,False,False,True,True,True,2.8183982582710754
0,3,26.0,0,0,7.775,1,7.775,True,True,False,True,False,True,True,2.1719067693519296
0,3,17.0,0,0,8.6625,1,8.6625,True,True,False,True,False,True,False,2.2682524139135403
0,3,1.0,4,1,39.6875,6,6.614583333333333,True,True,False,False,False,True,False,3.705920919968788
1,3,9.0,0,2,20.525,3,6.841666666666666,True,True,False,False,False,True,False,3.0692150503137943
1,1,28.0,0,1,55.0,2,27.5,False,True,False,False,True,False,True,4.02535169073515
0,3,45.0,1,4,27.9,6,4.6499999999999995,False,True,False,False,True,True,True,3.3638415951183864
0,1,28.0,0,0,25.925,1,25.925,True,True,False,True,False,True,True,3.2930552230424524
0,3,28.0,0,0,56.4958,1,56.4958,True,True,False,True,False,True,True,4.05171190165724
0,1,61.0,0,0,33.5,1,33.5,True,True,False,True,False,False,False,3.5409593240373143
0,3,4.0,4,1,29.125,6,4.854166666666667,True,False,False,False,False,True,False,3.405355391810819
1,3,1.0,1,1,11.1333,3,3.7111,False,True,True,False,False,True,False,2.495953738718064
0,3,21.0,0,0,7.925,1,7.925,True,True,False,True,False,True,True,2.188856327665703
0,1,56.0,0,0,30.6958,1,30.6958,True,False,False,True,False,False,True,3.4561841799918147
0,3,18.0,1,1,7.8542,3,2.6180666666666665,True,True,False,True,False,True,False,2.180891922715322
0,3,28.0,3,1,25.4667,5,5.0933399999999995,True,True,False,False,False,True,True,3.275887339030031
0,1,50.0,0,0,28.7125,1,28.7125,False,False,True,False,False,False,True,3.391567832686312
0,2,30.0,0,0,13.0,1,13.0,True,True,False,True,False,True,True,2.6390573296152584
0,3,36.0,0,0,0.0,1,0.0,True,True,False,True,False,True,True,0.0
0,3,28.0,8,2,69.55,11,6.322727272727272,False,True,True,False,False,True,True,4.256321678298823
0,2,28.0,0,0,15.05,1,15.05,True,False,False,True,False,True,True,2.775708849576025
0,3,9.0,4,2,31.3875,7,4.483928571428572,True,True,False,False,False,True,False,3.4777725458882283
1,2,1.0,2,1,39.0,4,9.75,True,True,False,False,False,False,False,3.6888794541139363
1,3,4.0,0,2,22.025,3,7.341666666666666,False,True,True,False,False,True,False,3.1365805821413706
0,1,28.0,0,0,50.0,1,50.0,True,True,False,True,False,False,True,3.9318256327243257
1,3,28.0,1,0,15.5,2,7.75,False,False,False,False,True,True,True,2.803360380906535
1,1,45.0,0,0,26.55,1,26.55,True,True,False,True,False,True,True,3.3160025355989236
0,3,40.0,1,1,15.5,3,5.166666666666667,True,False,False,True,False,True,True,2.803360380906535
0,3,36.0,0,0,7.8958,1,7.8958,True,True,False,True,False,True,True,2.1855792552411137
1,2,32.0,0,0,13.0,1,13.0,False,True,False,False,True,True,True,2.6390573296152584
0,2,19.0,0,0,13.0,1,13.0,True,True,False,True,False,True,True,2.6390573296152584
1,3,19.0,1,0,7.8542,2,3.9271,False,True,True,False,False,True,True,2.180891922715322
1,2,3.0,1,1,26.0,3,8.666666666666666,True,True,False,False,False,False,False,3.295836866004329
1,1,44.0,0,0,27.7208,1,27.7208,False,False,False,False,True,False,True,3.357621598945279
1,1,58.0,0,0,146.5208,1,146.5208,False,False,True,False,False,False,True,4.993969182787072
0,3,28.0,0,0,7.75,1,7.75,True,False,False,True,False,True,True,2.169053700369523
0,3,42.0,0,1,8.4042,2,4.2021,True,True,False,True,False,True,True,2.2411563979973974
1,3,28.0,0,0,7.75,1,7.75,False,False,True,False,False,True,True,2.169053700369523
0,2,24.0,0,0,13.0,1,13.0,False,True,True,False,False,True,True,2.6390573296152584
0,3,28.0,0,0,9.5,1,9.5,True,True,False,True,False,True,True,2.3513752571634776
0,3,28.0,8,2,69.55,11,6.322727272727272,True,True,False,True,False,True,True,4.256321678298823
0,3,34.0,0,0,6.4958,1,6.4958,True,True,False,True,False,True,True,2.0143428636837015
0,3,45.5,0,0,7.225,1,7.225,True,False,False,True,False,True,True,2.1071782966514356
1,3,18.0,0,0,8.05,1,8.05,True,True,False,True,False,True,False,2.2027647577118348
0,3,2.0,0,1,10.4625,2,5.23125,False,True,True,False,False,False,False,2.4390808375825834
0,3,32.0,1,0,15.85,2,7.925,True,True,False,True,False,True,True,2.8243506567983707
1,3,26.0,0,0,18.7875,1,18.7875,True,False,False,True,False,True,True,2.9850504252071306
1,3,16.0,0,0,7.75,1,7.75,False,False,True,False,False,True,False,2.169053700369523
1,1,40.0,0,0,31.0,1,31.0,True,False,False,True,False,False,True,3.4657359027997265
0,3,24.0,0,0,7.05,1,7.05,True,True,False,True,False,True,True,2.0856720914304723
1,2,35.0,0,0,21.0,1,21.0,False,True,True,False,False,True,True,3.091042453358316
0,3,22.0,0,0,7.25,1,7.25,True,True,False,True,False,True,True,2.1102132003465894
0,2,30.0,0,0,13.0,1,13.0,True,True,False,True,False,True,True,2.6390573296152584
0,3,28.0,1,0,7.75,2,3.875,True,False,False,True,False,True,True,2.169053700369523
1,1,31.0,1,0,113.275,2,56.6375,False,False,True,False,False,False,True,4.738607824217808
1,3,27.0,0,0,7.925,1,7.925,False,True,True,False,False,True,True,2.188856327665703
0,2,42.0,1,0,27.0,2,13.5,True,True,False,True,False,True,True,3.332204510175204
1,1,32.0,0,0,76.2917,1,76.2917,False,False,True,False,False,False,True,4.347586575960343
0,2,30.0,0,0,10.5,1,10.5,True,True,False,True,False,True,True,2.4423470353692043
1,3,16.0,0,0,8.05,1,8.05,True,True,False,True,False,True,False,2.2027647577118348
0,2,27.0,0,0,13.0,1,13.0,True,True,False,True,False,True,True,2.6390573296152584
0,3,51.0,0,0,8.05,1,8.05,True,True,False,True,False,True,True,2.2027647577118348
0,3,28.0,0,0,7.8958,1,7.8958,True,True,False,True,False,True,True,2.1855792552411137
1,1,38.0,1,0,90.0,2,45.0,True,True,False,True,False,False,True,4.51085950651685
0,3,22.0,0,0,9.35,1,9.35,True,True,False,True,False,True,True,2.336986519711378
1,2,19.0,0,0,10.5,1,10.5,True,True,False,True,False,True,True,2.4423470353692043
0,3,20.5,0,0,7.25,1,7.25,True,True,False,True,False,True,True,2.1102132003465894
0,2,18.0,0,0,13.0,1,13.0,True,True,False,True,False,True,False,2.6390573296152584
0,3,28.0,3,1,25.4667,5,5.0933399999999995,False,True,True,False,False,True,True,3.275887339030031
1,1,35.0,1,0,83.475,2,41.7375,False,True,False,False,True,False,True,4.436455632600354
0,3,29.0,0,0,7.775,1,7.775,True,True,False,True,False,True,True,2.1719067693519296
0,2,59.0,0,0,13.5,1,13.5,True,True,False,True,False,True,True,2.6741486494265287
1,3,5.0,4,2,31.3875,7,4.483928571428572,False,True,True,False,False,True,False,3.4777725458882283
0,2,24.0,0,0,10.5,1,10.5,True,True,False,True,False,True,True,2.4423470353692043
0,3,28.0,0,0,7.55,1,7.55,False,True,True,False,False,True,True,2.145931282948669
0,2,44.0,1,0,26.0,2,13.0,True,True,False,True,False,True,True,3.295836866004329
1,2,8.0,0,2,26.25,3,8.75,False,True,True,False,False,True,False,3.305053521109253
0,2,19.0,0,0,10.5,1,10.5,True,True,False,True,False,True,True,2.4423470353692043
0,2,33.0,0,0,12.275,1,12.275,True,True,False,True,False,True,True,2.5858825671280026
0,3,28.0,1,0,14.4542,2,7.2271,False,False,True,False,False,True,True,2.737880811060884
1,3,28.0,1,0,15.5,2,7.75,False,False,True,False,False,True,True,2.803360380906535
0,2,29.0,0,0,10.5,1,10.5,True,True,False,True,False,True,True,2.4423470353692043
0,3,22.0,0,0,7.125,1,7.125,True,True,False,True,False,True,True,2.094945728215801
0,3,30.0,0,0,7.225,1,7.225,True,False,False,True,False,True,True,2.1071782966514356
0,1,44.0,2,0,90.0,3,30.0,True,False,False,False,False,False,True,4.51085950651685
0,3,25.0,0,0,7.775,1,7.775,False,True,True,False,False,True,True,2.1719067693519296
1,2,24.0,0,2,14.5,3,4.833333333333333,False,True,False,False,True,True,True,2.740840023925201
1,1,37.0,1,1,52.5542,3,17.518066666666666,True,True,False,True,False,False,True,3.9806942251907276
0,2,54.0,1,0,26.0,2,13.0,True,True,False,False,False,True,True,3.295836866004329
0,3,28.0,0,0,7.25,1,7.25,True,True,False,True,False,True,True,2.1102132003465894
0,3,29.0,1,1,10.4625,3,3.4875000000000003,False,True,False,False,True,False,True,2.4390808375825834
0,1,62.0,0,0,26.55,1,26.55,True,True,False,True,False,False,False,3.3160025355989236
0,3,30.0,1,0,16.1,2,8.05,True,True,False,True,False,True,True,2.8390784635086144
0,3,41.0,0,2,20.2125,3,6.7375,False,True,False,False,True,True,True,3.0545906305603445
1,3,29.0,0,2,15.2458,3,5.081933333333333,False,False,False,False,True,True,True,2.7878344138303452
1,1,28.0,0,0,79.2,1,79.2,False,False,False,False,True,True,True,4.384523514872469
1,1,30.0,0,0,86.5,1,86.5,False,True,True,False,False,False,True,4.471638793363569
1,1,35.0,0,0,249.00622000000035,1,249.00622000000035,False,False,True,False,False,True,True,5.521485797552746
1,2,50.0,0,1,26.0,2,13.0,False,True,False,False,True,True,True,3.295836866004329
0,3,28.0,0,0,7.75,1,7.75,True,False,False,True,False,True,True,2.169053700369523
1,3,3.0,4,2,31.3875,7,4.483928571428572,True,True,False,False,False,True,False,3.4777725458882283
0,1,52.0,1,1,79.65,3,26.55,True,True,False,True,False,False,True,4.390118804571218
0,1,40.0,0,0,0.0,1,0.0,True,True,False,True,False,False,True,0.0
0,3,28.0,0,0,7.75,1,7.75,False,False,True,False,False,True,True,2.169053700369523
0,2,36.0,0,0,10.5,1,10.5,True,True,False,True,False,True,True,2.4423470353692043
0,3,16.0,4,1,39.6875,6,6.614583333333333,True,True,False,True,False,True,False,3.705920919968788
1,3,25.0,1,0,7.775,2,3.8875,True,True,False,True,False,True,True,2.1719067693519296
1,1,58.0,0,1,153.4625,2,76.73125,False,True,False,False,True,False,True,5.039951348430309
1,1,35.0,0,0,135.6333,1,135.6333,False,True,True,False,False,False,True,4.91730069488021
0,1,28.0,0,0,31.0,1,31.0,True,True,False,True,False,True,True,3.4657359027997265
1,3,25.0,0,0,0.0,1,0.0,True,True,False,True,False,True,True,0.0
1,2,41.0,0,1,19.5,2,9.75,False,True,False,False,True,True,True,3.0204248861443626
0,1,37.0,0,1,29.7,2,14.85,True,False,False,True,False,False,True,3.4242626545931514
1,3,28.0,0,0,7.75,1,7.75,False,False,True,False,False,True,True,2.169053700369523
1,1,63.0,1,0,77.9583,2,38.97915,False,True,True,False,False,False,False,4.368919865004903
0,3,45.0,0,0,7.75,1,7.75,False,True,True,False,False,True,True,2.169053700369523
0,2,28.0,0,0,0.0,1,0.0,True,True,False,True,False,True,True,0.0
0,3,7.0,4,1,29.125,6,4.854166666666667,True,False,False,False,False,True,False,3.405355391810819
1,3,35.0,1,1,20.25,3,6.75,False,True,False,False,True,True,True,3.056356895370426
0,3,65.0,0,0,7.75,1,7.75,True,False,False,True,False,True,False,2.169053700369523
0,3,28.0,0,0,7.8542,1,7.8542,True,True,False,True,False,True,True,2.180891922715322
0,3,16.0,0,0,9.5,1,9.5,True,True,False,True,False,True,False,2.3513752571634776
1,3,19.0,0,0,8.05,1,8.05,True,True,False,True,False,True,True,2.2027647577118348
0,1,28.0,0,0,26.0,1,26.0,True,True,False,True,False,False,True,3.295836866004329
0,3,33.0,0,0,8.6625,1,8.6625,True,False,False,True,False,True,True,2.2682524139135403
1,3,30.0,0,0,9.5,1,9.5,True,True,False,True,False,True,True,2.3513752571634776
0,3,22.0,0,0,7.8958,1,7.8958,True,True,False,True,False,True,True,2.1855792552411137
1,2,42.0,0,0,13.0,1,13.0,True,True,False,True,False,True,True,2.6390573296152584
1,3,22.0,0,0,7.75,1,7.75,False,False,True,False,False,True,True,2.169053700369523
1,1,26.0,0,0,78.85,1,78.85,False,True,True,False,False,True,True,4.380149874661021
1,1,19.0,1,0,91.0792,2,45.5396,False,False,False,False,True,False,True,4.5226490762785785
0,2,36.0,0,0,12.875,1,12.875,True,False,False,True,False,False,True,2.630088659632498
0,3,24.0,0,0,8.85,1,8.85,False,True,True,False,False,True,True,2.2874714551839976
0,3,24.0,0,0,7.8958,1,7.8958,True,True,False,True,False,True,True,2.1855792552411137
0,1,28.0,0,0,27.7208,1,27.7208,True,False,False,True,False,True,True,3.357621598945279
0,3,23.5,0,0,7.2292,1,7.2292,True,False,False,True,False,True,True,2.1076888046179385
0,1,2.0,1,2,151.55,4,37.8875,False,True,True,False,False,False,False,5.027492411162679
1,1,28.0,0,0,30.5,1,30.5,True,True,False,True,False,False,True,3.449987545831587
1,1,50.0,0,1,247.5208,2,123.7604,False,False,False,False,True,False,True,5.515526544247129
1,3,28.0,0,0,7.75,1,7.75,False,False,True,False,False,True,True,2.169053700369523
1,3,28.0,2,0,23.25,3,7.75,True,False,False,True,False,True,True,3.188416617383492
0,3,19.0,0,0,0.0,1,0.0,True,True,False,True,False,True,True,0.0
1,2,28.0,0,0,12.35,1,12.35,False,False,True,False,False,False,True,2.5915163848462583
0,3,28.0,0,0,8.05,1,8.05,True,True,False,True,False,True,True,2.2027647577118348
1,1,0.92,1,2,151.55,4,37.8875,True,True,False,False,False,False,False,5.027492411162679
1,1,28.0,0,0,110.8833,1,110.8833,False,False,True,False,False,True,True,4.717456363787216
1,1,17.0,1,0,108.9,2,54.45,False,False,False,False,True,False,False,4.699570861409576
0,2,30.0,1,0,24.0,2,12.0,True,False,False,True,False,True,True,3.2188758248682006
1,1,30.0,0,0,56.9292,1,56.9292,False,False,True,False,False,False,True,4.0592215752427645
1,1,24.0,0,0,83.1583,1,83.1583,False,False,True,False,False,False,True,4.432699549165613
1,1,18.0,2,2,249.00622000000035,5,49.80124400000007,False,False,True,False,False,False,False,5.521485797552746
0,2,26.0,1,1,26.0,3,8.666666666666666,False,True,False,False,True,True,True,3.295836866004329
0,3,28.0,0,0,7.8958,1,7.8958,True,True,False,True,False,True,True,2.1855792552411137
0,2,43.0,1,1,26.25,3,8.75,True,True,False,True,False,True,True,3.305053521109253
1,3,26.0,0,0,7.8542,1,7.8542,False,True,True,False,False,True,True,2.180891922715322
1,2,24.0,1,0,26.0,2,13.0,False,True,False,False,True,True,True,3.295836866004329
0,2,54.0,0,0,14.0,1,14.0,True,True,False,False,False,True,True,2.70805020110221
1,1,31.0,0,2,164.8667,3,54.95556666666667,False,True,True,False,False,False,True,5.11118445372147
1,1,40.0,1,1,134.5,3,44.833333333333336,False,False,False,False,True,False,True,4.908971640319756
0,3,22.0,0,0,7.25,1,7.25,True,True,False,True,False,True,True,2.1102132003465894
0,3,27.0,0,0,7.8958,1,7.8958,True,True,False,True,False,True,True,2.1855792552411137
1,2,30.0,0,0,12.35,1,12.35,False,False,True,False,False,True,True,2.5915163848462583
1,2,22.0,1,1,29.0,3,9.666666666666666,False,True,False,False,True,True,True,3.4011973816621555
0,3,28.0,8,2,69.55,11,6.322727272727272,True,True,False,True,False,True,True,4.256321678298823
1,1,36.0,0,0,135.6333,1,135.6333,False,False,True,False,False,False,True,4.91730069488021
0,3,61.0,0,0,6.2375,1,6.2375,True,True,False,True,False,True,False,1.9792758428991135
1,2,36.0,0,0,13.0,1,13.0,False,True,False,False,True,False,True,2.6390573296152584
1,3,31.0,1,1,20.525,3,6.841666666666666,False,True,False,False,True,True,True,3.0692150503137943
1,1,16.0,0,1,57.9792,2,28.9896,False,False,True,False,False,False,False,4.077184839375167
1,3,28.0,2,0,23.25,3,7.75,False,False,True,False,False,True,True,3.188416617383492
0,1,45.5,0,0,28.5,1,28.5,True,True,False,True,False,False,True,3.3843902633457743
0,1,38.0,0,1,153.4625,2,76.73125,True,True,False,True,False,False,True,5.039951348430309
0,3,16.0,2,0,18.0,3,6.0,True,True,False,True,False,True,False,2.9444389791664403
1,1,28.0,1,0,133.65,2,66.825,False,True,False,False,True,True,True,4.902678819257608
0,3,28.0,0,0,7.8958,1,7.8958,True,True,False,True,False,True,True,2.1855792552411137
0,1,29.0,1,0,66.6,2,33.3,True,True,False,True,False,False,True,4.213607983048918
1,1,41.0,0,0,134.5,1,134.5,False,False,True,False,False,False,True,4.908971640319756
1,3,45.0,0,0,8.05,1,8.05,True,True,False,True,False,True,True,2.2027647577118348
0,1,45.0,0,0,35.5,1,35.5,True,True,False,True,False,True,True,3.597312260588446
1,2,2.0,1,1,26.0,3,8.666666666666666,True,True,False,False,False,False,False,3.295836866004329
1,1,24.0,3,2,249.00622000000035,6,41.50103666666673,False,True,True,False,False,False,True,5.521485797552746
0,2,28.0,0,0,13.0,1,13.0,True,True,False,True,False,True,True,2.6390573296152584
0,2,25.0,0,0,13.0,1,13.0,True,True,False,True,False,True,True,2.6390573296152584
0,2,36.0,0,0,13.0,1,13.0,True,True,False,True,False,True,True,2.6390573296152584
1,2,24.0,0,0,13.0,1,13.0,False,True,True,False,False,False,True,2.6390573296152584
1,2,40.0,0,0,13.0,1,13.0,False,True,True,False,False,True,True,2.6390573296152584
1,3,28.0,1,0,16.1,2,8.05,False,True,False,False,True,True,True,2.8390784635086144
1,3,3.0,1,1,15.9,3,5.3,True,True,False,False,False,True,False,2.8273136219290276
0,3,42.0,0,0,8.6625,1,8.6625,True,True,False,True,False,True,True,2.2682524139135403
0,3,23.0,0,0,9.225,1,9.225,True,True,False,True,False,True,True,2.3248357019288655
0,1,28.0,0,0,35.0,1,35.0,True,True,False,True,False,False,True,3.58351893845611
0,3,15.0,1,1,7.2292,3,2.409733333333333,True,False,False,True,False,True,False,2.1076888046179385
0,3,25.0,1,0,17.8,2,8.9,True,True,False,True,False,True,True,2.9338568698359038
0,3,28.0,0,0,7.225,1,7.225,True,False,False,True,False,True,True,2.1071782966514356
0,3,28.0,0,0,9.5,1,9.5,True,True,False,True,False,True,True,2.3513752571634776
1,1,22.0,0,1,55.0,2,27.5,False,True,True,False,False,False,True,4.02535169073515
0,2,38.0,0,0,13.0,1,13.0,False,True,True,False,False,True,True,2.6390573296152584
1,3,28.0,0,0,7.8792,1,7.8792,False,False,True,False,False,True,True,2.1837114628556327
1,3,28.0,0,0,7.8792,1,7.8792,False,False,True,False,False,True,True,2.1837114628556327
0,3,40.0,1,4,27.9,6,4.6499999999999995,True,True,False,True,False,True,True,3.3638415951183864
0,2,29.0,1,0,27.7208,2,13.8604,True,False,False,True,False,True,True,3.357621598945279
0,3,45.0,0,1,14.4542,2,7.2271,False,False,False,False,True,True,True,2.737880811060884
0,3,35.0,0,0,7.05,1,7.05,True,True,False,True,False,True,True,2.0856720914304723
0,3,28.0,1,0,15.5,2,7.75,True,False,False,True,False,True,True,2.803360380906535
0,3,30.0,0,0,7.25,1,7.25,True,True,False,True,False,True,True,2.1102132003465894
1,1,60.0,1,0,75.25,2,37.625,False,False,False,False,True,False,True,4.334017415487521
1,3,28.0,0,0,7.2292,1,7.2292,False,False,False,False,True,True,True,2.1076888046179385
1,3,28.0,0,0,7.75,1,7.75,False,False,True,False,False,True,True,2.169053700369523
1,1,24.0,0,0,69.3,1,69.3,False,False,False,False,True,False,True,4.252771798816619
1,1,25.0,1,0,55.4417,2,27.72085,True,False,False,True,False,False,True,4.0332082470129285
0,3,18.0,1,0,6.4958,2,3.2479,True,True,False,True,False,True,False,2.0143428636837015
0,3,19.0,0,0,8.05,1,8.05,True,True,False,True,False,True,True,2.2027647577118348
0,1,22.0,0,0,135.6333,1,135.6333,True,False,False,True,False,True,True,4.91730069488021
0,3,3.0,3,1,21.075,5,4.215,False,True,True,False,False,True,False,3.0944457464900235
1,1,28.0,1,0,82.1708,2,41.0854,False,False,False,False,True,True,True,4.420896324687287
1,3,22.0,0,0,7.25,1,7.25,False,True,True,False,False,True,True,2.1102132003465894
0,1,27.0,0,2,211.5,3,70.5,True,False,False,True,False,False,True,5.358941988364472
0,3,20.0,0,0,4.0125,1,4.0125,True,False,False,True,False,True,True,1.6119347926326877
0,3,19.0,0,0,7.775,1,7.775,True,True,False,True,False,True,True,2.1719067693519296
1,1,42.0,0,0,227.525,1,227.525,False,False,True,False,False,True,True,5.4316456135398825
1,3,1.0,0,2,15.7417,3,5.247233333333333,False,False,True,False,False,True,False,2.817902613071225
0,3,32.0,0,0,7.925,1,7.925,True,True,False,True,False,True,True,2.188856327665703
1,1,35.0,1,0,52.0,2,26.0,False,True,False,False,True,True,True,3.970291913552122
0,3,28.0,0,0,7.8958,1,7.8958,True,True,False,True,False,True,True,2.1855792552411137
0,2,18.0,0,0,73.5,1,73.5,True,True,False,True,False,True,False,4.310799125385514
0,3,1.0,5,2,46.9,8,5.8625,True,True,False,False,False,True,False,3.8691155044168695
1,2,36.0,0,0,13.0,1,13.0,False,True,True,False,False,True,True,2.6390573296152584
0,3,28.0,0,0,7.7292,1,7.7292,True,False,False,True,False,True,True,2.1666737276227077
1,2,17.0,0,0,12.0,1,12.0,False,False,True,False,False,True,False,2.5649493574615367
1,1,36.0,1,2,120.0,4,30.0,True,True,False,True,False,False,True,4.795790545596741
1,3,21.0,0,0,7.7958,1,7.7958,True,True,False,True,False,True,True,2.174274334826008
0,3,28.0,2,0,7.925,3,2.6416666666666666,True,True,False,True,False,True,True,2.188856327665703
1,1,23.0,1,0,113.275,2,56.6375,False,False,True,False,False,False,True,4.738607824217808
1,3,24.0,0,2,16.7,3,5.566666666666666,False,True,False,False,True,False,True,2.8735646395797834
0,3,22.0,0,0,7.7958,1,7.7958,True,True,False,True,False,True,True,2.174274334826008
0,3,31.0,0,0,7.8542,1,7.8542,False,True,True,False,False,True,True,2.180891922715322
0,2,46.0,0,0,26.0,1,26.0,True,True,False,True,False,True,True,3.295836866004329
0,2,23.0,0,0,10.5,1,10.5,True,True,False,False,False,True,True,2.4423470353692043
1,2,28.0,0,0,12.65,1,12.65,False,True,False,False,True,True,True,2.613739521630969
1,3,39.0,0,0,7.925,1,7.925,True,True,False,True,False,True,True,2.188856327665703
0,3,26.0,0,0,8.05,1,8.05,True,True,False,True,False,True,True,2.2027647577118348
0,3,21.0,1,0,9.825,2,4.9125,False,True,True,False,False,True,True,2.3818582738885534
0,3,28.0,1,0,15.85,2,7.925,True,True,False,True,False,True,True,2.8243506567983707
0,3,20.0,0,0,8.6625,1,8.6625,False,True,True,False,False,True,True,2.2682524139135403
0,2,34.0,1,0,21.0,2,10.5,True,True,False,True,False,True,True,3.091042453358316
0,3,51.0,0,0,7.75,1,7.75,True,True,False,True,False,True,True,2.169053700369523
1,2,3.0,1,1,18.75,3,6.25,True,True,False,False,False,True,False,2.9831534913471307
0,3,21.0,0,0,7.775,1,7.775,True,True,False,True,False,True,True,2.1719067693519296
0,3,28.0,3,1,25.4667,5,5.0933399999999995,False,True,True,False,False,True,True,3.275887339030031
0,3,28.0,0,0,7.8958,1,7.8958,True,True,False,True,False,True,True,2.1855792552411137
0,3,28.0,0,0,6.8583,1,6.8583,True,False,False,True,False,True,True,2.061570298060867
1,1,33.0,1,0,90.0,2,45.0,False,False,True,False,False,False,True,4.51085950651685
0,2,28.0,0,0,0.0,1,0.0,True,True,False,True,False,True,True,0.0
1,3,44.0,0,0,7.925,1,7.925,True,True,False,True,False,True,True,2.188856327665703
0,3,28.0,0,0,8.05,1,8.05,False,True,False,False,True,True,True,2.2027647577118348
1,2,34.0,1,1,32.5,3,10.833333333333334,False,True,False,False,True,True,True,3.5115454388310208
1,2,18.0,0,2,13.0,3,4.333333333333333,False,True,True,False,False,True,False,2.6390573296152584
0,2,30.0,0,0,13.0,1,13.0,True,True,False,True,False,True,True,2.6390573296152584
0,3,10.0,0,2,24.15,3,8.049999999999999,False,True,True,False,False,True,False,3.224857896545748
0,3,28.0,0,0,7.8958,1,7.8958,True,False,False,True,False,True,True,2.1855792552411137
0,3,21.0,0,0,7.7333,1,7.7333,True,False,False,True,False,True,True,2.167143305297764
0,3,29.0,0,0,7.875,1,7.875,True,True,False,True,False,True,True,2.1832383353614797
0,3,28.0,1,1,14.4,3,4.8,False,True,False,False,True,True,True,2.7343675094195836
0,3,18.0,1,1,20.2125,3,6.7375,True,True,False,True,False,True,False,3.0545906305603445
0,3,28.0,0,0,7.25,1,7.25,True,True,False,True,False,True,True,2.1102132003465894
1,2,28.0,1,0,26.0,2,13.0,False,True,False,False,True,True,True,3.295836866004329
1,2,19.0,0,0,26.0,1,26.0,False,True,True,False,False,True,True,3.295836866004329
0,3,28.0,0,0,7.75,1,7.75,True,False,False,True,False,True,True,2.169053700369523
1,3,32.0,0,0,8.05,1,8.05,True,True,False,True,False,False,True,2.2027647577118348
1,1,28.0,0,0,26.55,1,26.55,True,True,False,True,False,False,True,3.3160025355989236
1,3,28.0,1,0,16.1,2,8.05,False,True,False,False,True,True,True,2.8390784635086144
1,2,42.0,1,0,26.0,2,13.0,False,True,False,False,True,True,True,3.295836866004329
0,3,17.0,0,0,7.125,1,7.125,True,True,False,True,False,True,False,2.094945728215801
0,1,50.0,1,0,55.9,2,27.95,True,True,False,True,False,False,True,4.041295341132285
1,1,14.0,1,2,120.0,4,30.0,False,True,True,False,False,False,False,4.795790545596741
0,3,21.0,2,2,34.375,5,6.875,False,True,True,False,False,True,True,3.5660053559634015
1,2,24.0,2,3,18.75,6,3.125,False,True,False,False,True,True,True,2.9831534913471307
0,1,64.0,1,4,249.00622000000035,6,41.50103666666673,True,True,False,True,False,False,False,5.521485797552746
0,2,31.0,0,0,10.5,1,10.5,True,True,False,True,False,True,True,2.4423470353692043
1,2,45.0,1,1,26.25,3,8.75,False,True,False,False,True,True,True,3.305053521109253
0,3,20.0,0,0,9.5,1,9.5,True,True,False,True,False,True,True,2.3513752571634776
0,3,25.0,1,0,7.775,2,3.8875,True,True,False,True,False,True,True,2.1719067693519296
1,2,28.0,0,0,13.0,1,13.0,False,True,True,False,False,True,True,2.6390573296152584
1,3,28.0,0,0,8.1125,1,8.1125,True,True,False,True,False,True,True,2.2096470973347766
1,1,4.0,0,2,81.8583,3,27.2861,True,True,False,False,False,False,False,4.417131919904876
1,2,13.0,0,1,19.5,2,9.75,False,True,True,False,False,True,False,3.0204248861443626
1,1,34.0,0,0,26.55,1,26.55,True,True,False,True,False,True,True,3.3160025355989236
1,3,5.0,2,1,19.2583,4,4.814575,False,False,True,False,False,True,False,3.0085645861193133
1,1,52.0,0,0,30.5,1,30.5,True,True,False,False,False,False,True,3.449987545831587
0,2,36.0,1,2,27.75,4,6.9375,True,True,False,True,False,True,True,3.3586377672433594
0,3,28.0,1,0,19.9667,2,9.98335,True,True,False,True,False,True,True,3.0429354648621407
0,1,30.0,0,0,27.75,1,27.75,True,False,False,True,False,False,True,3.3586377672433594
1,1,49.0,1,0,89.1042,2,44.5521,True,False,False,True,False,False,True,4.500966778400217
0,3,28.0,0,0,8.05,1,8.05,True,True,False,True,False,True,True,2.2027647577118348
1,3,29.0,0,0,7.8958,1,7.8958,True,False,False,True,False,True,True,2.1855792552411137
0,1,65.0,0,0,26.55,1,26.55,True,True,False,True,False,False,False,3.3160025355989236
1,1,28.0,1,0,51.8625,2,25.93125,False,True,False,False,True,False,True,3.967694202798607
1,2,50.0,0,0,10.5,1,10.5,False,True,True,False,False,True,True,2.4423470353692043
0,3,28.0,0,0,7.75,1,7.75,True,False,False,True,False,True,True,2.169053700369523
1,1,48.0,0,0,26.55,1,26.55,True,True,False,True,False,False,True,3.3160025355989236
0,3,34.0,0,0,8.05,1,8.05,True,True,False,True,False,True,True,2.2027647577118348
0,1,47.0,0,0,38.5,1,38.5,True,True,False,True,False,False,True,3.676300671907076
0,2,48.0,0,0,13.0,1,13.0,True,True,False,True,False,True,True,2.6390573296152584
0,3,28.0,0,0,8.05,1,8.05,True,True,False,True,False,True,True,2.2027647577118348
0,3,38.0,0,0,7.05,1,7.05,True,True,False,True,False,True,True,2.0856720914304723
0,2,28.0,0,0,0.0,1,0.0,True,True,False,True,False,True,True,0.0
0,1,56.0,0,0,26.55,1,26.55,True,True,False,True,False,True,True,3.3160025355989236
0,3,28.0,0,0,7.725,1,7.725,True,False,False,True,False,True,True,2.1661924680884908
1,3,0.75,2,1,19.2583,4,4.814575,False,False,True,False,False,True,False,3.0085645861193133
0,3,28.0,0,0,7.25,1,7.25,True,True,False,True,False,True,True,2.1102132003465894
0,3,38.0,0,0,8.6625,1,8.6625,True,True,False,True,False,True,True,2.2682524139135403
1,2,33.0,1,2,27.75,4,6.9375,False,True,False,False,True,True,True,3.3586377672433594
1,2,23.0,0,0,13.7917,1,13.7917,False,False,False,False,True,False,True,2.694066212646058
0,3,22.0,0,0,9.8375,1,9.8375,False,True,True,False,False,True,True,2.3830123421066602
0,1,28.0,0,0,52.0,1,52.0,True,True,False,True,False,False,True,3.970291913552122
0,2,34.0,1,0,21.0,2,10.5,True,True,False,True,False,True,True,3.091042453358316
0,3,29.0,1,0,7.0458,2,3.5229,True,True,False,True,False,True,True,2.0851502161468174
0,3,22.0,0,0,7.5208,1,7.5208,True,True,False,True,False,True,True,2.142510233146819
1,3,2.0,0,1,12.2875,2,6.14375,False,True,True,False,False,True,False,2.586823743668066
0,3,9.0,5,2,46.9,8,5.8625,True,True,False,False,False,True,False,3.8691155044168695
0,2,28.0,0,0,0.0,1,0.0,True,True,False,True,False,True,True,0.0
0,3,50.0,0,0,8.05,1,8.05,True,True,False,True,False,True,True,2.2027647577118348
1,3,63.0,0,0,9.5875,1,9.5875,False,True,False,False,True,True,False,2.3596740599781727
1,1,25.0,1,0,91.0792,2,45.5396,True,False,False,True,False,False,True,4.5226490762785785
0,3,28.0,3,1,25.4667,5,5.0933399999999995,False,True,True,False,False,True,True,3.275887339030031
1,1,35.0,1,0,90.0,2,45.0,False,True,False,False,True,False,True,4.51085950651685
0,1,58.0,0,0,29.7,1,29.7,True,False,False,True,False,False,True,3.4242626545931514
0,3,30.0,0,0,8.05,1,8.05,True,True,False,True,False,True,True,2.2027647577118348
1,3,9.0,1,1,15.9,3,5.3,True,True,False,False,False,True,False,2.8273136219290276
0,3,28.0,1,0,19.9667,2,9.98335,True,True,False,True,False,True,True,3.0429354648621407
0,3,21.0,0,0,7.25,1,7.25,True,True,False,True,False,True,True,2.1102132003465894
0,1,55.0,0,0,30.5,1,30.5,True,True,False,True,False,False,True,3.449987545831587
0,1,71.0,0,0,49.5042,1,49.5042,True,False,False,True,False,True,False,3.922056501139853
0,3,21.0,0,0,8.05,1,8.05,True,True,False,True,False,True,True,2.2027647577118348
0,3,28.0,0,0,14.4583,1,14.4583,True,False,False,True,False,True,True,2.738146075922933
1,1,54.0,1,0,78.2667,2,39.13335,False,False,True,False,False,False,True,4.37281811610993
0,3,28.0,0,0,15.1,1,15.1,True,True,False,True,False,True,True,2.7788192719904172
0,1,25.0,1,2,151.55,4,37.8875,False,True,False,False,True,False,True,5.027492411162679
0,3,24.0,0,0,7.7958,1,7.7958,True,True,False,True,False,True,True,2.174274334826008
0,3,17.0,0,0,8.6625,1,8.6625,True,True,False,True,False,True,False,2.2682524139135403
0,3,21.0,0,0,7.75,1,7.75,False,False,True,False,False,True,True,2.169053700369523
0,3,28.0,0,0,7.6292,1,7.6292,False,False,True,False,False,True,True,2.155151800914312
0,3,37.0,0,0,9.5875,1,9.5875,False,True,True,False,False,True,True,2.3596740599781727
1,1,16.0,0,0,86.5,1,86.5,False,True,True,False,False,False,False,4.471638793363569
0,1,18.0,1,0,108.9,2,54.45,True,False,False,True,False,False,False,4.699570861409576
1,2,33.0,0,2,26.0,3,8.666666666666666,False,True,False,False,True,True,True,3.295836866004329
1,1,28.0,0,0,26.55,1,26.55,True,True,False,True,False,True,True,3.3160025355989236
0,3,28.0,0,0,22.525,1,22.525,True,True,False,True,False,True,True,3.1580636854714434
1,3,26.0,0,0,56.4958,1,56.4958,True,True,False,True,False,True,True,4.05171190165724
1,3,29.0,0,0,7.75,1,7.75,True,False,False,True,False,True,True,2.169053700369523
0,3,28.0,0,0,8.05,1,8.05,True,True,False,True,False,True,True,2.2027647577118348
1,1,36.0,0,0,26.2875,1,26.2875,True,True,False,True,False,False,True,3.3064287218760624
1,1,54.0,1,0,59.4,2,29.7,False,False,False,False,True,True,True,4.100989104940769
0,3,24.0,0,0,7.4958,1,7.4958,True,True,False,True,False,True,True,2.139571923732859
0,1,47.0,0,0,34.0208,1,34.0208,True,True,False,True,False,False,True,3.5559421706858756
1,2,34.0,0,0,10.5,1,10.5,False,True,False,False,True,False,True,2.4423470353692043
0,3,28.0,0,0,24.15,1,24.15,True,False,False,True,False,True,True,3.224857896545748
1,2,36.0,1,0,26.0,2,13.0,False,True,False,False,True,True,True,3.295836866004329
0,3,32.0,0,0,7.8958,1,7.8958,True,True,False,True,False,True,True,2.1855792552411137
1,1,30.0,0,0,93.5,1,93.5,False,True,True,False,False,False,True,4.548599834499697
0,3,22.0,0,0,7.8958,1,7.8958,True,True,False,True,False,True,True,2.1855792552411137
0,3,28.0,0,0,7.225,1,7.225,True,False,False,True,False,True,True,2.1071782966514356
1,1,44.0,0,1,57.9792,2,28.9896,False,False,False,False,True,False,True,4.077184839375167
0,3,28.0,0,0,7.2292,1,7.2292,True,False,False,True,False,True,True,2.1076888046179385
0,3,40.5,0,0,7.75,1,7.75,True,False,False,True,False,True,True,2.169053700369523
1,2,50.0,0,0,10.5,1,10.5,False,True,True,False,False,True,True,2.4423470353692043
0,1,28.0,0,0,221.7792,1,221.7792,True,True,False,True,False,False,True,5.406181146423973
0,3,39.0,0,0,7.925,1,7.925,True,True,False,True,False,True,True,2.188856327665703
0,2,23.0,2,1,11.5,4,2.875,True,True,False,True,False,True,True,2.5257286443082556
1,2,2.0,1,1,26.0,3,8.666666666666666,False,True,True,False,False,True,False,3.295836866004329
0,3,28.0,0,0,7.2292,1,7.2292,True,False,False,True,False,True,True,2.1076888046179385
0,3,17.0,1,1,7.2292,3,2.409733333333333,True,False,False,True,False,True,False,2.1076888046179385
1,3,28.0,0,2,22.3583,3,7.452766666666666,False,False,False,False,True,True,True,3.1509523813392697
0,3,30.0,0,0,8.6625,1,8.6625,False,True,True,False,False,True,True,2.2682524139135403
1,2,7.0,0,2,26.25,3,8.75,False,True,True,False,False,True,False,3.305053521109253
0,1,45.0,0,0,26.55,1,26.55,True,True,False,False,False,False,True,3.3160025355989236
1,1,30.0,0,0,106.425,1,106.425,False,False,True,False,False,True,True,4.676792929661059
0,3,28.0,0,0,14.5,1,14.5,True,True,False,True,False,True,True,2.740840023925201
1,1,22.0,0,2,49.5,3,16.5,False,False,True,False,False,False,True,3.9219733362813143
1,1,36.0,0,2,71.0,3,23.666666666666668,False,True,True,False,False,False,True,4.276666119016055
0,3,9.0,4,2,31.275,7,4.4678571428571425,False,True,True,False,False,True,False,3.4742929367327062
0,3,11.0,4,2,31.275,7,4.4678571428571425,False,True,True,False,False,True,False,3.4742929367327062
1,2,32.0,1,0,26.0,2,13.0,True,True,False,True,False,True,True,3.295836866004329
0,1,50.0,1,0,106.425,2,53.2125,True,False,False,True,False,False,True,4.676792929661059
0,1,64.0,0,0,26.0,1,26.0,True,True,False,True,False,True,False,3.295836866004329
1,2,19.0,1,0,26.0,2,13.0,False,True,False,False,True,True,True,3.295836866004329
1,2,28.0,0,0,13.8625,1,13.8625,True,False,False,True,False,True,True,2.6988412620169004
0,3,33.0,1,1,20.525,3,6.841666666666666,True,True,False,True,False,True,True,3.0692150503137943
1,2,8.0,1,1,36.75,3,12.25,True,True,False,False,False,True,False,3.6309854756950335
1,1,17.0,0,2,110.8833,3,36.9611,True,False,False,True,False,False,False,4.717456363787216
0,2,27.0,0,0,26.0,1,26.0,True,True,False,True,False,True,True,3.295836866004329
0,3,28.0,0,0,7.8292,1,7.8292,True,False,False,True,False,True,True,2.17806441028492
1,3,22.0,0,0,7.225,1,7.225,True,False,False,True,False,True,True,2.1071782966514356
1,3,22.0,0,0,7.775,1,7.775,False,True,True,False,False,True,True,2.1719067693519296
0,1,62.0,0,0,26.55,1,26.55,True,True,False,True,False,True,False,3.3160025355989236
1,1,48.0,1,0,39.6,2,19.8,False,False,False,False,False,False,True,3.703768066607687
0,1,28.0,0,0,227.525,1,227.525,True,False,False,True,False,True,True,5.4316456135398825
1,1,39.0,1,1,79.65,3,26.55,False,True,False,False,True,False,True,4.390118804571218
1,3,36.0,1,0,17.4,2,8.7,False,True,False,False,True,True,True,2.91235066461494
0,3,28.0,0,0,7.75,1,7.75,True,False,False,True,False,True,True,2.169053700369523
0,3,40.0,0,0,7.8958,1,7.8958,True,True,False,True,False,True,True,2.1855792552411137
0,2,28.0,0,0,13.5,1,13.5,True,True,False,True,False,True,True,2.6741486494265287
0,3,28.0,0,0,8.05,1,8.05,True,True,False,True,False,True,True,2.2027647577118348
0,3,28.0,0,0,8.05,1,8.05,False,True,True,False,False,True,True,2.2027647577118348
0,3,24.0,2,0,24.15,3,8.049999999999999,True,True,False,True,False,True,True,3.224857896545748
0,3,19.0,0,0,7.8958,1,7.8958,True,True,False,True,False,True,True,2.1855792552411137
0,3,29.0,0,4,21.075,5,4.215,False,True,False,False,True,True,True,3.0944457464900235
0,3,28.0,0,0,7.2292,1,7.2292,True,False,False,True,False,True,True,2.1076888046179385
1,3,32.0,0,0,7.8542,1,7.8542,True,True,False,True,False,True,True,2.180891922715322
1,2,62.0,0,0,10.5,1,10.5,True,True,False,True,False,True,False,2.4423470353692043
1,1,53.0,2,0,51.4792,3,17.15973333333333,False,True,False,False,True,False,True,3.960416900617205
1,1,36.0,0,0,26.3875,1,26.3875,True,True,False,True,False,False,True,3.3100867049215847
1,3,28.0,0,0,7.75,1,7.75,False,False,True,False,False,True,True,2.169053700369523
0,3,16.0,0,0,8.05,1,8.05,True,True,False,True,False,True,False,2.2027647577118348
0,3,19.0,0,0,14.5,1,14.5,True,True,False,True,False,True,True,2.740840023925201
1,2,34.0,0,0,13.0,1,13.0,False,True,True,False,False,True,True,2.6390573296152584
1,1,39.0,1,0,55.9,2,27.95,False,True,False,False,True,False,True,4.041295341132285
0,3,28.0,1,0,14.4583,2,7.22915,False,False,False,False,True,True,True,2.738146075922933
1,3,32.0,0,0,7.925,1,7.925,True,True,False,True,False,True,True,2.188856327665703
1,2,25.0,1,1,30.0,3,10.0,False,True,True,False,False,True,True,3.4339872044851463
1,1,39.0,1,1,110.8833,3,36.9611,False,False,False,False,True,False,True,4.717456363787216
0,2,54.0,0,0,26.0,1,26.0,True,True,False,True,False,True,True,3.295836866004329
0,1,36.0,0,0,40.125,1,40.125,True,False,False,True,False,False,True,3.716616209085536
0,3,28.0,0,0,8.7125,1,8.7125,True,False,False,True,False,True,True,2.2734137156937657
1,1,18.0,0,2,79.65,3,26.55,False,True,True,False,False,False,False,4.390118804571218
0,2,47.0,0,0,15.0,1,15.0,True,True,False,True,False,True,True,2.772588722239781
1,1,60.0,1,1,79.2,3,26.400000000000002,True,False,False,True,False,False,True,4.384523514872469
0,3,22.0,0,0,8.05,1,8.05,True,True,False,True,False,True,True,2.2027647577118348
0,3,28.0,0,0,8.05,1,8.05,True,True,False,True,False,True,True,2.2027647577118348
0,3,35.0,0,0,7.125,1,7.125,True,True,False,True,False,True,True,2.094945728215801
1,1,52.0,1,0,78.2667,2,39.13335,False,False,False,False,True,False,True,4.37281811610993
0,3,47.0,0,0,7.25,1,7.25,True,True,False,True,False,True,True,2.1102132003465894
0,3,28.0,0,2,7.75,3,2.5833333333333335,False,False,True,False,False,True,True,2.169053700369523
0,2,37.0,1,0,26.0,2,13.0,True,True,False,True,False,True,True,3.295836866004329
0,3,36.0,1,1,24.15,3,8.049999999999999,True,True,False,True,False,True,True,3.224857896545748
1,2,28.0,0,0,33.0,1,33.0,False,True,True,False,False,True,True,3.5263605246161616
0,3,49.0,0,0,0.0,1,0.0,True,True,False,True,False,True,True,0.0
0,3,28.0,0,0,7.225,1,7.225,True,False,False,True,False,True,True,2.1071782966514356
1,1,49.0,1,0,56.9292,2,28.4646,True,False,False,False,False,False,True,4.0592215752427645
1,2,24.0,2,1,27.0,4,6.75,False,True,False,False,True,True,True,3.332204510175204
0,3,28.0,0,0,7.8958,1,7.8958,True,True,False,True,False,True,True,2.1855792552411137
0,1,28.0,0,0,42.4,1,42.4,True,True,False,True,False,True,True,3.770459441106359
0,3,44.0,0,0,8.05,1,8.05,True,True,False,True,False,True,True,2.2027647577118348
1,1,35.0,0,0,26.55,1,26.55,True,False,False,True,False,True,True,3.3160025355989236
0,3,36.0,1,0,15.55,2,7.775,True,True,False,True,False,True,True,2.806386101823072
0,3,30.0,0,0,7.8958,1,7.8958,True,True,False,True,False,True,True,2.1855792552411137
1,1,27.0,0,0,30.5,1,30.5,True,True,False,True,False,True,True,3.449987545831587
1,2,22.0,1,2,41.5792,4,10.3948,False,False,False,False,True,True,True,3.7513658711253766
1,1,40.0,0,0,153.4625,1,153.4625,False,True,True,False,False,False,True,5.039951348430309
0,3,39.0,1,5,31.275,7,4.4678571428571425,False,True,False,False,True,True,True,3.4742929367327062
0,3,28.0,0,0,7.05,1,7.05,True,True,False,True,False,True,True,2.0856720914304723
1,3,28.0,1,0,15.5,2,7.75,False,False,True,False,False,True,True,2.803360380906535
0,3,28.0,0,0,7.75,1,7.75,True,False,False,True,False,True,True,2.169053700369523
0,3,35.0,0,0,8.05,1,8.05,True,True,False,True,False,True,True,2.2027647577118348
1,2,24.0,1,2,65.0,4,16.25,False,True,True,False,False,True,True,4.189654742026425
0,3,34.0,1,1,14.4,3,4.8,True,True,False,True,False,True,True,2.7343675094195836
0,3,26.0,1,0,16.1,2,8.05,False,True,False,False,True,True,True,2.8390784635086144
1,2,4.0,2,1,39.0,4,9.75,False,True,True,False,False,False,False,3.6888794541139363
0,2,26.0,0,0,10.5,1,10.5,True,True,False,True,False,True,True,2.4423470353692043
0,3,27.0,1,0,14.4542,2,7.2271,True,False,False,True,False,True,True,2.737880811060884
1,1,42.0,1,0,52.5542,2,26.2771,True,True,False,True,False,False,True,3.9806942251907276
1,3,20.0,1,1,15.7417,3,5.247233333333333,True,False,False,True,False,True,True,2.817902613071225
0,3,21.0,0,0,7.8542,1,7.8542,True,True,False,True,False,True,True,2.180891922715322
0,3,21.0,0,0,16.1,1,16.1,True,True,False,True,False,True,True,2.8390784635086144
0,1,61.0,0,0,32.3208,1,32.3208,True,True,False,True,False,False,False,3.5061818266142577
0,2,57.0,0,0,12.35,1,12.35,True,False,False,False,False,True,True,2.5915163848462583
1,1,21.0,0,0,77.9583,1,77.9583,False,True,True,False,False,False,True,4.368919865004903
0,3,26.0,0,0,7.8958,1,7.8958,True,True,False,True,False,True,True,2.1855792552411137
0,3,28.0,0,0,7.7333,1,7.7333,True,False,False,True,False,True,True,2.167143305297764
1,1,80.0,0,0,30.0,1,30.0,True,True,False,True,False,False,False,3.4339872044851463
0,3,51.0,0,0,7.0542,1,7.0542,True,True,False,True,False,True,True,2.086193694502369
1,1,32.0,0,0,30.5,1,30.5,True,False,False,False,False,False,True,3.449987545831587
0,1,28.0,0,0,0.0,1,0.0,True,True,False,True,False,True,True,0.0
0,3,9.0,3,2,27.9,6,4.6499999999999995,False,True,True,False,False,True,False,3.3638415951183864
1,2,28.0,0,0,13.0,1,13.0,False,True,True,False,False,True,True,2.6390573296152584
0,3,32.0,0,0,7.925,1,7.925,True,True,False,True,False,True,True,2.188856327665703
0,2,31.0,1,1,26.25,3,8.75,True,True,False,True,False,True,True,3.305053521109253
0,3,41.0,0,5,39.6875,6,6.614583333333333,False,True,False,False,True,True,True,3.705920919968788
0,3,28.0,1,0,16.1,2,8.05,True,True,False,True,False,True,True,2.8390784635086144
0,3,20.0,0,0,7.8542,1,7.8542,True,True,False,True,False,True,True,2.180891922715322
1,1,24.0,0,0,69.3,1,69.3,False,False,True,False,False,False,True,4.252771798816619
0,3,2.0,3,2,27.9,6,4.6499999999999995,False,True,True,False,False,True,False,3.3638415951183864
1,3,28.0,0,0,56.4958,1,56.4958,True,True,False,True,False,True,True,4.05171190165724
1,3,0.75,2,1,19.2583,4,4.814575,False,False,True,False,False,True,False,3.0085645861193133
1,1,48.0,1,0,76.7292,2,38.3646,True,False,False,True,False,False,True,4.353230991152628
0,3,19.0,0,0,7.8958,1,7.8958,True,True,False,True,False,True,True,2.1855792552411137
1,1,56.0,0,0,35.5,1,35.5,True,False,False,False,False,False,True,3.597312260588446
0,3,28.0,0,0,7.55,1,7.55,True,True,False,True,False,True,True,2.145931282948669
1,3,23.0,0,0,7.55,1,7.55,False,True,True,False,False,True,True,2.145931282948669
0,3,28.0,0,0,7.8958,1,7.8958,True,True,False,True,False,True,True,2.1855792552411137
1,2,18.0,0,1,23.0,2,11.5,False,True,True,False,False,True,False,3.1780538303479458
0,3,21.0,0,0,8.4333,1,8.4333,True,True,False,True,False,True,True,2.2442459824059346
1,3,28.0,0,0,7.8292,1,7.8292,False,False,True,False,False,True,True,2.17806441028492
0,3,18.0,0,0,6.75,1,6.75,False,False,True,False,False,True,False,2.0476928433652555
0,2,24.0,2,0,73.5,3,24.5,True,True,False,True,False,True,True,4.310799125385514
0,3,28.0,0,0,7.8958,1,7.8958,True,True,False,True,False,True,True,2.1855792552411137
0,3,32.0,1,1,15.5,3,5.166666666666667,False,False,False,False,True,True,True,2.803360380906535
0,2,23.0,0,0,13.0,1,13.0,True,True,False,True,False,True,True,2.6390573296152584
0,1,58.0,0,2,113.275,3,37.75833333333333,True,False,False,True,False,False,True,4.738607824217808
1,1,50.0,2,0,133.65,3,44.550000000000004,True,True,False,False,False,True,True,4.902678819257608
0,3,40.0,0,0,7.225,1,7.225,True,False,False,True,False,True,True,2.1071782966514356
0,1,47.0,0,0,25.5875,1,25.5875,True,True,False,True,False,False,True,3.2804411805263554
0,3,36.0,0,0,7.4958,1,7.4958,True,True,False,True,False,True,True,2.139571923732859
1,3,20.0,1,0,7.925,2,3.9625,True,True,False,True,False,True,True,2.188856327665703
0,2,32.0,2,0,73.5,3,24.5,True,True,False,True,False,True,True,4.310799125385514
0,2,25.0,0,0,13.0,1,13.0,True,True,False,True,False,True,True,2.6390573296152584
0,3,28.0,0,0,7.775,1,7.775,True,True,False,True,False,True,True,2.1719067693519296
0,3,43.0,0,0,8.05,1,8.05,True,True,False,True,False,True,True,2.2027647577118348
1,1,28.0,1,0,52.0,2,26.0,False,True,False,False,True,False,True,3.970291913552122
1,2,40.0,1,1,39.0,3,13.0,False,True,False,False,True,True,True,3.6888794541139363
0,1,31.0,1,0,52.0,2,26.0,True,True,False,True,False,False,True,3.970291913552122
0,2,70.0,0,0,10.5,1,10.5,True,True,False,True,False,True,False,2.4423470353692043
1,2,31.0,0,0,13.0,1,13.0,True,True,False,True,False,True,True,2.6390573296152584
0,2,28.0,0,0,0.0,1,0.0,True,True,False,True,False,True,True,0.0
0,3,18.0,0,0,7.775,1,7.775,True,True,False,True,False,True,False,2.1719067693519296
0,3,24.5,0,0,8.05,1,8.05,True,True,False,True,False,True,True,2.2027647577118348
1,3,18.0,0,0,9.8417,1,9.8417,False,True,True,False,False,True,False,2.3833998102837652
0,3,43.0,1,6,46.9,8,5.8625,False,True,False,False,True,True,True,3.8691155044168695
1,1,36.0,0,1,249.00622000000035,2,124.50311000000018,True,False,False,True,False,False,True,5.521485797552746
0,3,28.0,0,0,8.1375,1,8.1375,False,False,True,False,False,True,True,2.212386825075897
1,1,27.0,0,0,76.7292,1,76.7292,True,False,False,True,False,False,True,4.353230991152628
0,3,20.0,0,0,9.225,1,9.225,True,True,False,True,False,True,True,2.3248357019288655
0,3,14.0,5,2,46.9,8,5.8625,True,True,False,True,False,True,False,3.8691155044168695
0,2,60.0,1,1,39.0,3,13.0,True,True,False,True,False,True,True,3.6888794541139363
0,2,25.0,1,2,41.5792,4,10.3948,True,False,False,True,False,True,True,3.7513658711253766
0,3,14.0,4,1,39.6875,6,6.614583333333333,True,True,False,True,False,True,False,3.705920919968788
0,3,19.0,0,0,10.1708,1,10.1708,True,True,False,True,False,True,True,2.4133032309283076
0,3,18.0,0,0,7.7958,1,7.7958,True,True,False,True,False,True,False,2.174274334826008
1,1,15.0,0,1,211.3375,2,105.66875,False,True,True,False,False,False,False,5.35817698994543
1,1,31.0,1,0,57.0,2,28.5,True,True,False,True,False,False,True,4.060443010546419
1,3,4.0,0,1,13.4167,2,6.70835,False,False,True,False,False,True,False,2.668387256845834
1,3,28.0,0,0,56.4958,1,56.4958,True,True,False,True,False,True,True,4.05171190165724
0,3,25.0,0,0,7.225,1,7.225,True,False,False,True,False,True,True,2.1071782966514356
0,1,60.0,0,0,26.55,1,26.55,True,True,False,False,False,True,True,3.3160025355989236
0,2,52.0,0,0,13.5,1,13.5,True,True,False,True,False,True,True,2.6741486494265287
0,3,44.0,0,0,8.05,1,8.05,True,True,False,True,False,True,True,2.2027647577118348
1,3,28.0,0,0,7.7333,1,7.7333,False,False,True,False,False,True,True,2.167143305297764
0,1,49.0,1,1,110.8833,3,36.9611,True,False,False,True,False,False,True,4.717456363787216
0,3,42.0,0,0,7.65,1,7.65,True,True,False,True,False,False,True,2.157559320943788
1,1,18.0,1,0,227.525,2,113.7625,False,False,False,False,True,False,False,5.4316456135398825
1,1,35.0,0,0,26.2875,1,26.2875,True,True,False,True,False,False,True,3.3064287218760624
0,3,18.0,0,1,14.4542,2,7.2271,False,False,True,False,False,True,False,2.737880811060884
0,3,25.0,0,0,7.7417,1,7.7417,True,False,False,True,False,True,True,2.1681046787623672
0,3,26.0,1,0,7.8542,2,3.9271,True,True,False,True,False,True,True,2.180891922715322
0,2,39.0,0,0,26.0,1,26.0,True,True,False,True,False,True,True,3.295836866004329
1,2,45.0,0,0,13.5,1,13.5,False,True,False,False,True,True,True,2.6741486494265287
1,1,42.0,0,0,26.2875,1,26.2875,True,True,False,True,False,False,True,3.3064287218760624
1,1,22.0,0,0,151.55,1,151.55,False,True,True,False,False,True,True,5.027492411162679
1,3,28.0,1,1,15.2458,3,5.081933333333333,True,False,False,False,False,True,True,2.7878344138303452
1,1,24.0,0,0,49.5042,1,49.5042,False,False,True,False,False,False,True,3.922056501139853
0,1,28.0,0,0,26.55,1,26.55,True,True,False,True,False,False,True,3.3160025355989236
1,1,48.0,1,0,52.0,2,26.0,True,True,False,True,False,False,True,3.970291913552122
0,3,29.0,0,0,9.4833,1,9.4833,True,True,False,True,False,True,True,2.3497835148230464
0,2,52.0,0,0,13.0,1,13.0,True,True,False,True,False,True,True,2.6390573296152584
0,3,19.0,0,0,7.65,1,7.65,True,True,False,True,False,False,True,2.157559320943788
1,1,38.0,0,0,227.525,1,227.525,False,False,True,False,False,False,True,5.4316456135398825
1,2,27.0,0,0,10.5,1,10.5,False,True,True,False,False,False,True,2.4423470353692043
0,3,28.0,0,0,15.5,1,15.5,True,False,False,True,False,True,True,2.803360380906535
0,3,33.0,0,0,7.775,1,7.775,True,True,False,True,False,True,True,2.1719067693519296
1,2,6.0,0,1,33.0,2,16.5,False,True,True,False,False,True,False,3.5263605246161616
0,3,17.0,1,0,7.0542,2,3.5271,True,True,False,True,False,True,False,2.086193694502369
0,2,34.0,0,0,13.0,1,13.0,True,True,False,True,False,True,True,2.6390573296152584
0,2,50.0,0,0,13.0,1,13.0,True,True,False,True,False,True,True,2.6390573296152584
1,1,27.0,1,0,53.1,2,26.55,True,True,False,True,False,False,True,3.9908341858524357
0,3,20.0,0,0,8.6625,1,8.6625,True,True,False,True,False,True,True,2.2682524139135403
1,2,30.0,3,0,21.0,4,5.25,False,True,False,False,True,True,True,3.091042453358316
1,3,28.0,0,0,7.7375,1,7.7375,False,False,True,False,False,True,True,2.1676241075599285
0,2,25.0,1,0,26.0,2,13.0,True,True,False,True,False,True,True,3.295836866004329
0,3,25.0,1,0,7.925,2,3.9625,False,True,True,False,False,True,True,2.188856327665703
1,1,29.0,0,0,211.3375,1,211.3375,False,True,True,False,False,False,True,5.35817698994543
0,3,11.0,0,0,18.7875,1,18.7875,True,False,False,True,False,True,False,2.9850504252071306
0,2,28.0,0,0,0.0,1,0.0,True,True,False,True,False,True,True,0.0
0,2,23.0,0,0,13.0,1,13.0,True,True,False,True,False,True,True,2.6390573296152584
0,2,23.0,0,0,13.0,1,13.0,True,True,False,True,False,True,True,2.6390573296152584
0,3,28.5,0,0,16.1,1,16.1,True,True,False,True,False,True,True,2.8390784635086144
0,3,48.0,1,3,34.375,5,6.875,False,True,False,False,True,True,True,3.5660053559634015
1,1,35.0,0,0,249.00622000000035,1,249.00622000000035,True,False,False,True,False,False,True,5.521485797552746
0,3,28.0,0,0,7.8958,1,7.8958,True,True,False,True,False,True,True,2.1855792552411137
0,3,28.0,0,0,7.8958,1,7.8958,True,True,False,True,False,True,True,2.1855792552411137
1,1,28.0,0,0,30.0,1,30.0,True,True,False,True,False,False,True,3.4339872044851463
0,1,36.0,1,0,78.85,2,39.425,True,True,False,True,False,False,True,4.380149874661021
1,1,21.0,2,2,249.00622000000035,5,49.80124400000007,False,False,True,False,False,False,True,5.521485797552746
0,3,24.0,1,0,16.1,2,8.05,True,True,False,True,False,True,True,2.8390784635086144
1,3,31.0,0,0,7.925,1,7.925,True,True,False,True,False,True,True,2.188856327665703
0,1,70.0,1,1,71.0,3,23.666666666666668,True,True,False,False,False,False,False,4.276666119016055
0,3,16.0,1,1,20.25,3,6.75,True,True,False,True,False,True,False,3.056356895370426
1,2,30.0,0,0,13.0,1,13.0,False,True,True,False,False,True,True,2.6390573296152584
0,1,19.0,1,0,53.1,2,26.55,True,True,False,True,False,False,True,3.9908341858524357
0,3,31.0,0,0,7.75,1,7.75,True,False,False,True,False,True,True,2.169053700369523
1,2,4.0,1,1,23.0,3,7.666666666666667,False,True,True,False,False,True,False,3.1780538303479458
1,3,6.0,0,1,12.475,2,6.2375,True,True,False,False,False,False,False,2.600836116795061
0,3,33.0,0,0,9.5,1,9.5,True,True,False,True,False,True,True,2.3513752571634776
0,3,23.0,0,0,7.8958,1,7.8958,True,True,False,True,False,True,True,2.1855792552411137
1,2,48.0,1,2,65.0,4,16.25,False,True,False,False,True,True,True,4.189654742026425
1,2,0.67,1,1,14.5,3,4.833333333333333,True,True,False,False,False,True,False,2.740840023925201
0,3,28.0,0,0,7.7958,1,7.7958,True,True,False,True,False,True,True,2.174274334826008
0,2,18.0,0,0,11.5,1,11.5,True,True,False,True,False,True,False,2.5257286443082556
0,3,34.0,0,0,8.05,1,8.05,True,True,False,True,False,True,True,2.2027647577118348
1,1,33.0,0,0,86.5,1,86.5,False,True,False,False,False,False,True,4.471638793363569
0,3,28.0,0,0,14.5,1,14.5,True,True,False,True,False,True,True,2.740840023925201
0,3,41.0,0,0,7.125,1,7.125,True,True,False,True,False,True,True,2.094945728215801
1,3,20.0,0,0,7.2292,1,7.2292,True,False,False,True,False,True,True,2.1076888046179385
1,1,36.0,1,2,120.0,4,30.0,False,True,False,False,True,False,True,4.795790545596741
0,3,16.0,0,0,7.775,1,7.775,True,True,False,True,False,True,False,2.1719067693519296
1,1,51.0,1,0,77.9583,2,38.97915,False,True,False,False,True,False,True,4.368919865004903
0,1,28.0,0,0,39.6,1,39.6,True,False,False,False,False,True,True,3.703768066607687
0,3,30.5,0,0,7.75,1,7.75,False,False,True,False,False,True,True,2.169053700369523
0,3,28.0,1,0,24.15,2,12.075,True,False,False,True,False,True,True,3.224857896545748
0,3,32.0,0,0,8.3625,1,8.3625,True,True,False,True,False,True,True,2.236712348843338
0,3,24.0,0,0,9.5,1,9.5,True,True,False,True,False,True,True,2.3513752571634776
0,3,48.0,0,0,7.8542,1,7.8542,True,True,False,True,False,True,True,2.180891922715322
0,2,57.0,0,0,10.5,1,10.5,False,True,False,False,True,False,True,2.4423470353692043
0,3,28.0,0,0,7.225,1,7.225,True,False,False,True,False,True,True,2.1071782966514356
1,2,54.0,1,3,23.0,5,4.6,False,True,False,False,True,True,True,3.1780538303479458
0,3,18.0,0,0,7.75,1,7.75,True,True,False,True,False,True,False,2.169053700369523
0,3,28.0,0,0,7.75,1,7.75,True,False,False,True,False,False,True,2.169053700369523
1,3,5.0,0,0,12.475,1,12.475,False,True,True,False,False,True,False,2.600836116795061
0,3,28.0,0,0,7.7375,1,7.7375,True,False,False,True,False,True,True,2.1676241075599285
1,1,43.0,0,1,211.3375,2,105.66875,False,True,False,False,True,False,True,5.35817698994543
1,3,13.0,0,0,7.2292,1,7.2292,False,False,True,False,False,True,False,2.1076888046179385
1,1,17.0,1,0,57.0,2,28.5,False,True,False,False,True,False,False,4.060443010546419
0,1,29.0,0,0,30.0,1,30.0,True,True,False,True,False,False,True,3.4339872044851463
0,3,28.0,1,2,23.45,4,5.8625,True,True,False,True,False,True,True,3.196630215920881
0,3,25.0,0,0,7.05,1,7.05,True,True,False,True,False,True,True,2.0856720914304723
0,3,25.0,0,0,7.25,1,7.25,True,True,False,True,False,True,True,2.1102132003465894
1,3,18.0,0,0,7.4958,1,7.4958,False,True,True,False,False,True,False,2.139571923732859
0,3,8.0,4,1,29.125,6,4.854166666666667,True,False,False,False,False,True,False,3.405355391810819
1,3,1.0,1,2,20.575,4,5.14375,True,True,False,False,False,True,False,3.0715352369694915
0,1,46.0,0,0,79.2,1,79.2,True,False,False,True,False,False,True,4.384523514872469
0,3,28.0,0,0,7.75,1,7.75,True,False,False,True,False,True,True,2.169053700369523
0,2,16.0,0,0,26.0,1,26.0,True,True,False,True,False,True,False,3.295836866004329
0,3,28.0,8,2,69.55,11,6.322727272727272,False,True,True,False,False,True,True,4.256321678298823
0,1,28.0,0,0,30.6958,1,30.6958,True,False,False,True,False,True,True,3.4561841799918147
0,3,25.0,0,0,7.8958,1,7.8958,True,True,False,True,False,True,True,2.1855792552411137
0,2,39.0,0,0,13.0,1,13.0,True,True,False,True,False,True,True,2.6390573296152584
1,1,49.0,0,0,25.9292,1,25.9292,False,True,False,False,False,False,True,3.2932111997353943
1,3,31.0,0,0,8.6833,1,8.6833,False,True,False,False,True,True,True,2.270402752283094
0,3,30.0,0,0,7.2292,1,7.2292,True,False,False,True,False,True,True,2.1076888046179385
0,3,30.0,1,1,24.15,3,8.049999999999999,False,True,False,False,True,True,True,3.224857896545748
0,2,34.0,0,0,13.0,1,13.0,True,True,False,True,False,True,True,2.6390573296152584
1,2,31.0,1,1,26.25,3,8.75,False,True,False,False,True,True,True,3.305053521109253
1,1,11.0,1,2,120.0,4,30.0,True,True,False,False,False,False,False,4.795790545596741
1,3,0.42,0,1,8.5167,2,4.25835,True,False,False,False,False,True,False,2.2530481500547457
1,3,27.0,0,0,6.975,1,6.975,True,True,False,True,False,True,True,2.076311648670908
0,3,31.0,0,0,7.775,1,7.775,True,True,False,True,False,True,True,2.1719067693519296
0,1,39.0,0,0,0.0,1,0.0,True,True,False,True,False,False,True,0.0
0,3,18.0,0,0,7.775,1,7.775,False,True,True,False,False,True,False,2.1719067693519296
0,2,39.0,0,0,13.0,1,13.0,True,True,False,True,False,True,True,2.6390573296152584
1,1,33.0,1,0,53.1,2,26.55,False,True,False,False,True,False,True,3.9908341858524357
0,3,26.0,0,0,7.8875,1,7.8875,True,True,False,True,False,True,True,2.184645795129359
0,3,39.0,0,0,24.15,1,24.15,True,True,False,True,False,True,True,3.224857896545748
0,2,35.0,0,0,10.5,1,10.5,True,True,False,True,False,True,True,2.4423470353692043
0,3,6.0,4,2,31.275,7,4.4678571428571425,False,True,True,False,False,True,False,3.4742929367327062
0,3,30.5,0,0,8.05,1,8.05,True,True,False,True,False,True,True,2.2027647577118348
0,1,28.0,0,0,0.0,1,0.0,True,True,False,True,False,False,True,0.0
0,3,23.0,0,0,7.925,1,7.925,False,True,True,False,False,True,True,2.188856327665703
0,2,31.0,1,1,37.0042,3,12.334733333333332,True,False,False,True,False,True,True,3.637696679934592
0,3,43.0,0,0,6.45,1,6.45,True,True,False,True,False,True,True,2.0082140323914683
0,3,10.0,3,2,27.9,6,4.6499999999999995,True,True,False,False,False,True,False,3.3638415951183864
1,1,52.0,1,1,93.5,3,31.166666666666668,False,True,False,False,True,False,True,4.548599834499697
1,3,27.0,0,0,8.6625,1,8.6625,True,True,False,True,False,True,True,2.2682524139135403
0,1,38.0,0,0,0.0,1,0.0,True,True,False,False,False,True,True,0.0
1,3,27.0,0,1,12.475,2,6.2375,False,True,False,False,True,False,True,2.600836116795061
0,3,2.0,4,1,39.6875,6,6.614583333333333,True,True,False,False,False,True,False,3.705920919968788
0,3,28.0,0,0,6.95,1,6.95,True,False,False,True,False,True,True,2.0731719286662407
0,3,28.0,0,0,56.4958,1,56.4958,True,True,False,True,False,True,True,4.05171190165724
1,2,1.0,0,2,37.0042,3,12.334733333333332,True,False,False,False,False,True,False,3.637696679934592
1,3,28.0,0,0,7.75,1,7.75,True,False,False,True,False,True,True,2.169053700369523
1,1,62.0,0,0,80.0,1,80.0,False,True,False,False,True,False,False,4.394449154672439
1,3,15.0,1,0,14.4542,2,7.2271,False,False,False,False,True,True,False,2.737880811060884
1,2,0.83,1,1,18.75,3,6.25,True,True,False,False,False,True,False,2.9831534913471307
0,3,28.0,0,0,7.2292,1,7.2292,True,False,False,True,False,True,True,2.1076888046179385
0,3,23.0,0,0,7.8542,1,7.8542,True,True,False,True,False,True,True,2.180891922715322
0,3,18.0,0,0,8.3,1,8.3,True,True,False,True,False,True,False,2.2300144001592104
1,1,39.0,1,1,83.1583,3,27.71943333333333,False,False,True,False,False,False,True,4.432699549165613
0,3,21.0,0,0,8.6625,1,8.6625,True,True,False,True,False,True,True,2.2682524139135403
0,3,28.0,0,0,8.05,1,8.05,True,True,False,True,False,True,True,2.2027647577118348
1,3,32.0,0,0,56.4958,1,56.4958,True,True,False,True,False,True,True,4.05171190165724
1,1,28.0,0,0,29.7,1,29.7,True,False,False,True,False,False,True,3.4242626545931514
0,3,20.0,0,0,7.925,1,7.925,True,True,False,True,False,True,True,2.188856327665703
0,2,16.0,0,0,10.5,1,10.5,True,True,False,True,False,True,False,2.4423470353692043
1,1,30.0,0,0,31.0,1,31.0,False,False,True,False,False,True,True,3.4657359027997265
0,3,34.5,0,0,6.4375,1,6.4375,True,False,False,True,False,True,True,2.006534770871748
0,3,17.0,0,0,8.6625,1,8.6625,True,True,False,True,False,True,False,2.2682524139135403
0,3,42.0,0,0,7.55,1,7.55,True,True,False,True,False,True,True,2.145931282948669
0,3,28.0,8,2,69.55,11,6.322727272727272,True,True,False,True,False,True,True,4.256321678298823
0,3,35.0,0,0,7.8958,1,7.8958,True,False,False,True,False,True,True,2.1855792552411137
0,2,28.0,0,1,33.0,2,16.5,True,True,False,False,False,True,True,3.5263605246161616
1,1,28.0,1,0,89.1042,2,44.5521,False,False,False,False,True,False,True,4.500966778400217
0,3,4.0,4,2,31.275,7,4.4678571428571425,True,True,False,False,False,True,False,3.4742929367327062
0,3,74.0,0,0,7.775,1,7.775,True,True,False,True,False,True,False,2.1719067693519296
0,3,9.0,1,1,15.2458,3,5.081933333333333,False,False,True,False,False,True,False,2.7878344138303452
1,1,16.0,0,1,39.4,2,19.7,False,True,True,False,False,False,False,3.6988297849671046
0,2,44.0,1,0,26.0,2,13.0,False,True,False,False,True,True,True,3.295836866004329
1,3,18.0,0,1,9.35,2,4.675,False,True,False,False,True,True,False,2.336986519711378
1,1,45.0,1,1,164.8667,3,54.95556666666667,False,True,False,False,True,True,True,5.11118445372147
1,1,51.0,0,0,26.55,1,26.55,True,True,False,True,False,False,True,3.3160025355989236
1,3,24.0,0,3,19.2583,4,4.814575,False,False,False,False,True,True,True,3.0085645861193133
0,3,28.0,0,0,7.2292,1,7.2292,True,False,False,True,False,True,True,2.1076888046179385
0,3,41.0,2,0,14.1083,3,4.702766666666666,True,True,False,True,False,True,True,2.7152442616824506
0,2,21.0,1,0,11.5,2,5.75,True,True,False,True,False,True,True,2.5257286443082556
1,1,48.0,0,0,25.9292,1,25.9292,False,True,False,False,True,False,True,3.2932111997353943
0,3,28.0,8,2,69.55,11,6.322727272727272,False,True,True,False,False,True,True,4.256321678298823
0,2,24.0,0,0,13.0,1,13.0,True,True,False,True,False,True,True,2.6390573296152584
1,2,42.0,0,0,13.0,1,13.0,False,True,False,False,True,True,True,2.6390573296152584
1,2,27.0,1,0,13.8583,2,6.92915,False,False,True,False,False,True,True,2.698558631668595
0,1,31.0,0,0,50.4958,1,50.4958,True,True,False,True,False,False,True,3.941500250945973
0,3,28.0,0,0,9.5,1,9.5,True,True,False,True,False,True,True,2.3513752571634776
1,3,4.0,1,1,11.1333,3,3.7111,True,True,False,False,False,True,False,2.495953738718064
0,3,26.0,0,0,7.8958,1,7.8958,True,True,False,True,False,True,True,2.1855792552411137
1,1,47.0,1,1,52.5542,3,17.518066666666666,False,True,False,False,True,False,True,3.9806942251907276
0,1,33.0,0,0,5.0,1,5.0,True,True,False,True,False,False,True,1.791759469228055
0,3,47.0,0,0,9.0,1,9.0,True,True,False,True,False,True,True,2.302585092994046
1,2,28.0,1,0,24.0,2,12.0,False,False,False,False,True,True,True,3.2188758248682006
1,3,15.0,0,0,7.225,1,7.225,False,False,True,False,False,True,False,2.1071782966514356
0,3,20.0,0,0,9.8458,1,9.8458,True,True,False,True,False,True,True,2.3837779082709782
0,3,19.0,0,0,7.8958,1,7.8958,True,True,False,True,False,True,True,2.1855792552411137
0,3,28.0,0,0,7.8958,1,7.8958,True,True,False,True,False,True,True,2.1855792552411137
1,1,56.0,0,1,83.1583,2,41.57915,False,False,False,False,True,False,True,4.432699549165613
1,2,25.0,0,1,26.0,2,13.0,False,True,False,False,True,True,True,3.295836866004329
0,3,33.0,0,0,7.8958,1,7.8958,True,True,False,True,False,True,True,2.1855792552411137
0,3,22.0,0,0,10.5167,1,10.5167,False,True,True,False,False,True,True,2.4437981558973862
0,2,28.0,0,0,10.5,1,10.5,True,True,False,True,False,True,True,2.4423470353692043
0,3,25.0,0,0,7.05,1,7.05,True,True,False,True,False,True,True,2.0856720914304723
0,3,39.0,0,5,29.125,6,4.854166666666667,False,False,False,False,True,True,True,3.405355391810819
0,2,27.0,0,0,13.0,1,13.0,True,True,False,False,False,True,True,2.6390573296152584
1,1,19.0,0,0,30.0,1,30.0,False,True,True,False,False,False,True,3.4339872044851463
0,3,28.0,1,2,23.45,4,5.8625,False,True,True,False,False,True,True,3.196630215920881
1,1,26.0,0,0,30.0,1,30.0,True,False,False,True,False,False,True,3.4339872044851463
0,3,32.0,0,0,7.75,1,7.75,True,False,False,True,False,True,True,2.169053700369523
